{
  "project_info": {
    "project_number": "58216610659",
    "firebase_url": "https://tournament-go.firebaseio.com",
    "project_id": "tournament-go",
    "storage_bucket": "tournament-go.appspot.com"
  },
  "client": [
    {
      "client_info": {
        "mobilesdk_app_id": "1:58216610659:android:d900e238dfe3ce67",
        "android_client_info": {
          "package_name": "com.lazydeveloper.tournamentgo"
        }
      },
      "oauth_client": [
        {
          "client_id": "58216610659-556t94ood7vthn2fehh2t2u53rfcih43.apps.googleusercontent.com",
          "client_type": 3
        }
      ],
      "api_key": [
        {
          "current_key": "AIzaSyCarYbIFYMtCW4VNwtkB9DFGlTXzaeH7mQ"
        }
      ],
      "services": {
        "analytics_service": {
          "status": 1
        },
        "appinvite_service": {
          "status": 1,
          "other_platform_oauth_client": []
        },
        "ads_service": {
          "status": 2
        }
      }
    }
  ],
  "configuration_version": "1"
}